batter,runs,fours,sixes,legal_balls,strike_rate
V Kohli,9050,816,307,6734,134.39
RG Sharma,7185,653,311,5399,133.08
S Dhawan,6769,768,153,5304,127.62
DA Warner,6567,663,236,4680,140.32
KL Rahul,5668,495,232,4068,139.33
SK Raina,5536,506,204,4025,137.54
MS Dhoni,5439,375,264,3935,138.22
AM Rahane,5194,523,133,4141,125.43
AB de Villiers,5181,414,253,3400,152.38
SV Samson,5008,412,234,3545,141.27
CH Gayle,4997,408,359,3331,150.02
RV Uthappa,4954,481,182,3784,130.92
KD Karthik,4843,466,161,3570,135.66
F du Plessis,4773,440,174,3506,136.14
SA Yadav,4473,472,172,3004,148.9
JC Buttler,4430,441,200,2946,150.37
AT Rayudu,4348,359,173,3391,128.22
Shubman Gill,4239,406,136,3014,140.64
G Gambhir,4217,492,59,3394,124.25
SS Iyer,4044,333,174,2967,136.3
MK Pandey,3951,340,116,3239,121.98
SR Watson,3880,377,190,2801,138.52
RR Pant,3756,339,176,2557,146.89
Q de Kock,3444,334,143,2546,135.27
KA Pollard,3437,221,224,2315,148.47
RA Jadeja,3412,252,119,2606,130.93
Ishan Kishan,3310,323,150,2327,142.24
YK Pathan,3222,263,161,2233,144.29
DA Miller,3200,232,144,2296,139.37
N Rana,3055,285,151,2205,138.55
WP Saha,2934,296,87,2296,127.79
HH Pandya,2886,221,154,1950,148.0
BB McCullum,2882,293,130,2176,132.44
PA Patel,2848,365,49,2350,121.19
GJ Maxwell,2820,238,161,1810,155.8
MA Agarwal,2764,275,100,2053,134.63
Yuvraj Singh,2754,218,149,2115,130.21
V Sehwag,2728,334,106,1740,156.78
RD Gaikwad,2680,248,101,1957,136.94
AD Russell,2655,187,223,1508,176.06
M Vijay,2619,247,91,2147,121.98
SPD Smith,2495,226,60,1931,129.21
SE Marsh,2489,269,78,1866,133.39
YBK Jaiswal,2478,295,106,1608,154.1
JH Kallis,2427,255,44,2213,109.67
DR Smith,2385,245,117,1755,135.9
N Pooran,2375,163,171,1456,163.12
SR Tendulkar,2334,296,29,1941,120.25
RA Tripathi,2291,229,85,1655,138.43
Abhishek Sharma,2241,214,132,1311,170.94
