bowler,wickets,runs_conceded,legal_balls,economy
YS Chahal,237,5355,3941,8.15
B Kumar,230,5808,4432,7.86
SP Narine,221,5213,4516,6.93
DJ Bravo,207,4436,3120,8.53
JJ Bumrah,206,4432,3539,7.51
R Ashwin,204,5721,4710,7.29
PP Chawla,201,5179,3850,8.07
SL Malinga,188,3486,2827,7.4
RA Jadeja,186,5418,4188,7.76
A Mishra,183,4193,3371,7.46
Rashid Khan,176,4145,3400,7.31
Sandeep Sharma,169,4316,3145,8.23
HV Patel,168,3747,2470,9.1
UT Yadav,163,4442,3056,8.72
Harbhajan Singh,161,4101,3416,7.2
Mohammed Shami,157,4090,2800,8.76
TA Boult,153,3957,2765,8.59
MM Sharma,149,3537,2403,8.83
AR Patel,145,4381,3489,7.53
K Rabada,142,3157,2121,8.93
AD Russell,133,2909,1806,9.66
R Vinay Kumar,127,3041,2127,8.58
JD Unadkat,124,3541,2351,9.04
Mohammed Siraj,121,3709,2498,8.91
A Nehra,121,2537,1908,7.98
SN Thakur,119,3474,2154,9.68
Z Khan,118,2860,2200,7.8
Arshdeep Singh,114,2954,1894,9.36
Kuldeep Yadav,113,3085,2226,8.32
CV Varun,109,2619,2014,7.8
SR Watson,107,2742,2029,8.11
CH Morris,107,2377,1726,8.26
KH Pandya,106,3265,2560,7.65
DW Steyn,105,2583,2182,7.1
P Kumar,102,3342,2524,7.94
I Sharma,100,3465,2419,8.59
RP Singh,100,2417,1775,8.17
IK Pathan,99,2711,2043,7.96
PP Ojha,99,2399,1899,7.58
Avesh Khan,98,2672,1721,9.32
KK Ahmed,96,2521,1657,9.13
JA Morkel,96,2409,1723,8.39
M Prasidh Krishna,94,2516,1661,9.09
DL Chahar,92,2708,1954,8.32
DS Kulkarni,91,2513,1787,8.44
Ravi Bishnoi,89,2522,1789,8.46
HH Pandya,88,2771,1740,9.56
KV Sharma,88,2263,1585,8.57
M Morkel,88,2136,1629,7.87
Imran Tahir,86,1729,1316,7.88
