season,matches,total_runs,total_wickets,avg_runs_per_match
2007/08,58,17937,689,309.26
2009,57,16353,698,286.89
2009/10,60,18883,723,314.72
2011,73,21154,813,289.78
2012,74,22453,857,303.42
2013,76,22602,911,297.39
2014,60,18931,673,315.52
2015,59,18353,690,311.07
2016,60,18862,665,314.37
2017,59,18786,710,318.41
2018,60,19901,720,331.68
2019,60,19434,685,323.9
2020/21,60,19416,677,323.6
2021,60,18637,716,310.62
2022,74,24395,910,329.66
2023,74,25688,912,347.14
2024,71,25971,883,365.79
2025,74,26527,869,358.47
2026,43,15645,514,363.84
