batting_team,total_batter_runs,total_runs,fours,sixes,legal_balls,strike_rate
Mumbai Indians,44156,46560,4026,1901,32954,133.99
Chennai Super Kings,40453,42566,3537,1674,30246,133.75
Kolkata Knight Riders,40215,42580,3740,1652,30532,131.71
Rajasthan Royals,37345,39205,3463,1483,28008,133.34
Royal Challengers Bangalore,35810,37692,3149,1488,27211,131.6
Sunrisers Hyderabad,31854,33522,2786,1272,23621,134.85
Kings XI Punjab,28541,30064,2631,1075,21905,130.29
Delhi Daredevils,23022,24296,2156,801,18156,126.8
Delhi Capitals,18188,19046,1725,731,13182,137.98
Punjab Kings,13639,14335,1182,720,9265,147.21
Gujarat Titans,11612,12196,1091,459,8011,144.95
Deccan Chargers,10885,11463,957,400,8752,124.37
Lucknow Super Giants,10881,11510,902,539,7744,140.51
Royal Challengers Bengaluru,6906,7239,601,387,4307,160.34
Pune Warriors,6040,6358,525,196,5275,114.5
Gujarat Lions,4629,4862,460,155,3439,134.6
Rising Pune Supergiant,2370,2470,197,89,1843,128.59
Rising Pune Supergiants,1962,2063,171,68,1521,128.99
Kochi Tuskers Kerala,1758,1901,170,53,1510,116.42
